ROI,Z_view_gt_baseline,Beta_view_gt_baseline,Z_recall_gt_baseline,Beta_recall_gt_baseline,Z_imagine_gt_baseline,Beta_imagine_gt_baseline,Z_view_gt_recall,Beta_view_gt_recall,Z_view_gt_imagine,Beta_view_gt_imagine,Z_recall_gt_imagine,Beta_recall_gt_imagine
Frontal Pole,0.029754420580629166,0.019580385509998223,0.060851391204141764,0.03762233709099021,-0.03997273683483862,-0.0426509992353194,-0.08048299064040504,-0.07855979087968756,0.07240176910787467,0.14341542555978756,0.1425946475639055,0.18407544139340132
Insular Cortex,0.2661946961132559,0.1685948971284259,0.21620557932214773,0.14574850174347617,0.08811873676968167,0.05144764156325163,0.1139015306008692,0.09432766942736791,0.2783514658921663,0.2622928623229252,0.23907695580963165,0.21079588513265696
Superior Frontal Gyrus,0.019459105341329528,0.030124100784088188,-0.042206141757714276,-0.008417255083603432,0.04718536102141426,0.06444077497680491,0.1782843466395748,0.16535421877866302,-0.09713408733928929,-0.082431608183922,-0.2024049561668648,-0.1686895959161865
Middle Frontal Gyrus,-0.01672559839491906,6.0385935371646266e-05,-0.04789824357785022,-0.02144760922198008,-0.006191017622388377,0.01860837243741428,0.0851829111763924,0.0939100849320584,-0.05012201861948505,-0.041858537906654114,-0.0769910368962364,-0.08974631882548413
"Inferior Frontal Gyrus, pars triangularis",-0.2529784884083044,-0.16858974673434932,-0.12493807712543972,-0.08932495045230916,0.24059214983955143,0.18647798407745164,-0.32245322429053935,-0.33963564703254784,-0.6733225111643593,-0.8207632776901164,-0.5152188046953092,-0.6368440876149256
"Inferior Frontal Gyrus, pars opercularis",-0.33910438420893735,-0.2335559324208391,-0.270817408441831,-0.21077669476049307,0.1648508530011512,0.08826674150787081,-0.1652215193117234,-0.09614866412561537,-0.6575073866461141,-0.737371479655784,-0.6442428180466218,-0.6780707362152547
Precentral Gyrus,0.36847115284075066,0.3261374111148619,0.3026278661812392,0.2917966973270329,0.23277725489322898,0.21548879495179346,0.12569773302227508,0.1435932153292831,0.275390440682838,0.2298670209148996,0.1851103238266042,0.1529557187051464
Temporal Pole,0.30879799519343865,0.3168392932427845,0.19360904785217029,0.21863210514060374,0.0879978640857485,0.12353093602772519,0.4716994687497193,0.4173762135971403,0.39198347938877137,0.4309065542186107,0.21265041067811696,0.20618912433720343
"Superior Temporal Gyrus, anterior division",-0.1113335348596712,-0.10631368737451123,-0.2784094148130939,-0.2299337851129451,-0.19415742488925192,-0.15943526955712792,0.6355354245046132,0.5311146006617407,0.11951309932604368,0.1372248056286221,-0.17933564545326028,-0.14416750723864405
"Superior Temporal Gyrus, posterior division",-0.20595438792813173,-0.14979803816826415,-0.26872490290224443,-0.18943901055005033,-0.14921411128415232,-0.08860999470771816,0.15191113011437998,0.17054577743425317,-0.15673197850008952,-0.12294105630172272,-0.24713691313428116,-0.21516948970899408
"Middle Temporal Gyrus, anterior division",0.21473917544919566,0.19018677880590376,0.06210220662869877,0.06699980560626494,-0.19821124407873797,-0.11605204043166352,0.6234015800590006,0.5252508402801286,0.5459726595342907,0.7110185135182127,0.4117799704649593,0.42637328701421534
"Middle Temporal Gyrus, posterior division",-0.10320005082074894,-0.06655626239742178,-0.13686939577192397,-0.07279430470032673,-0.15450019260758777,-0.09868748844977682,0.004721466355051112,0.026750669643095817,0.046204676097151905,0.0904067356830633,0.03556893381339509,0.07256415803123285
"Middle Temporal Gyrus, temporooccipital part",0.12995430626066676,0.12390670798855824,0.08235483356711473,0.08474757885374763,0.22503321295613082,0.1710482298862153,0.07518161295530296,0.16720289586052806,-0.12650996506247336,-0.12344951889960125,-0.2888693694133471,-0.20892470458980658
"Inferior Temporal Gyrus, anterior division",-0.13094688238100727,-0.09863559699424507,-0.221683310454438,-0.17425414346258278,-0.1846137931273962,-0.14778841211354324,0.35509221675608355,0.3203571306954103,0.10696170198627972,0.12709387843934847,-0.006922228944691445,-0.045571956045827325
"Inferior Temporal Gyrus, posterior division",-0.07461016518288419,-0.09861078702267621,-0.09727780006612606,-0.11196067634414307,-0.066765973897579,-0.087282846546662,0.07274808565381474,0.054871013200153605,-0.011928644104263884,-0.0159822279140922,-0.018987232790446253,-0.046478427804774874
"Inferior Temporal Gyrus, temporooccipital part",-0.1846911887223133,-0.15169550098345408,-0.4325767841250153,-0.38108780451661156,-0.15339289576823031,-0.10297317615578586,0.5770950113481668,0.9818089287384737,-0.10170948312533001,-0.09953787268288974,-0.6165726550265225,-0.6130530499448986
Postcentral Gyrus,0.44024265120376693,0.3676253004181324,0.3378255990493968,0.3160774170634992,0.2703951470456787,0.23821659891480657,0.1695153960571167,0.2159178350338615,0.29908248532441517,0.2692308927377084,0.18607519031018224,0.15352869013623613
Superior Parietal Lobule,0.18577000788174414,0.16990622832797186,0.10763011606174963,0.09745089250077159,0.15395093647771446,0.13216036875471263,0.17094017629395394,0.3100828545060365,0.09517466358673114,0.07654498504457304,-0.07822340769002245,-0.086552679183477
"Supramarginal Gyrus, anterior division",0.2672865138291715,0.2467497484452437,0.18120880681835844,0.170659016751465,0.2297922647110783,0.17903154086070058,0.2507689561260287,0.32475737858621584,0.12567920285079842,0.13560565127855936,-0.07380641177915598,-0.03318793065611693
"Supramarginal Gyrus, posterior division",-0.14902662846330328,-0.09860032691321952,-0.10228566723768863,-0.06484738401785106,0.01599452194490036,0.02689214717839914,-0.18239163238366152,-0.14249216348316499,-0.272428062299704,-0.28043644960696923,-0.27148585606843173,-0.205235264817621
Angular Gyrus,-0.20740640321221526,-0.14193882331491597,-0.22554913142641067,-0.14281334889953098,-0.3309421089772874,-0.2197179889244286,0.01752027927304449,0.007359323172253519,0.12557380083898873,0.20289456088132088,0.16123542194814866,0.19430019591699724
"Lateral Occipital Cortex, superior division",0.05406384264876116,0.053160050622605294,-0.11345237322152976,-0.09616842506040575,-0.010677307248128187,-0.025147363125703575,0.2995266844860918,0.6362753034810973,0.11373017061057593,0.18472318568743873,-0.21215117784222787,-0.15109769387299485
"Lateral Occipital Cortex, inferior division",0.1290188380575709,0.10354332918771657,-0.47086999438548993,-0.4959460505712382,-0.4680532479751588,-0.43153990445902196,0.9000149200242494,2.513072471844275,0.7816511519990215,1.2447130211745567,-0.15755609101099635,-0.09827431749620867
Intracalcarine Cortex,-0.14272628678896132,-0.10395496544992412,0.027337540712493842,0.002161285193180686,-0.16588128383834505,-0.180300810023686,-0.3770823091517813,-0.45586676305556556,0.12459013992437859,0.20555325156722284,0.5407140265543425,0.43637733075434115
Frontal Medial Cortex,0.4270618677744429,0.41394264255609614,0.37295544953970994,0.3504995968534393,0.05214740952913348,0.06396252279566185,0.20075716221806497,0.2631163661115502,0.5440911587347137,0.789253432148275,0.49687412682857535,0.6393061527680256
Juxtapositional Lobule Cortex (formerly Supplementary Motor Cortex),0.47053667990734743,0.3926009912048023,0.26880516744271077,0.24556821590550765,0.17203285370415392,0.15477851931862516,0.6356265944806292,0.6271841285247187,0.6380347391541865,0.5301754618031419,0.26867849624405116,0.19520659521852649
Subcallosal Cortex,0.3619862132888785,0.3632600789141216,0.35036127620651125,0.3631770330339622,0.03830094179629989,0.08696622444623989,-0.06458938208398465,-0.005423096708897924,0.5478365297258452,0.6251538216860322,0.5432106824390397,0.6191909619160751
Paracingulate Gyrus,-0.1258529063612293,-0.10446505856304651,-0.16479811677358414,-0.1326132242462786,-0.3737223711317351,-0.26726051324815814,0.14233562722829798,0.11989818727858617,0.3146991580908335,0.39879337504115003,0.30118614014229284,0.3323002769178647
"Cingulate Gyrus, anterior division",0.00975635249401354,0.02139926683385836,-0.06898756486110895,-0.04521324378165694,-0.2637344821252764,-0.20201059048867165,0.3436419114271413,0.286028629720646,0.4573995932860065,0.5306463965753894,0.349645459964287,0.37721570018594774
"Cingulate Gyrus, posterior division",0.2308960086738597,0.1736017511634208,0.11802885205994865,0.09676602339490595,-0.32201493736457437,-0.20584886151751886,0.386562463468552,0.32880708746492565,0.6710773868250346,0.8876003463249222,0.6312788860305446,0.703646282228576
Precuneous Cortex,-0.08061429305950656,-0.0438897070227539,-0.13996580944067213,-0.09318795258392405,-0.3343141315446786,-0.2616374194310342,0.23418502780545533,0.2154485415220889,0.43385609512637396,0.5276476870648816,0.4067709632475375,0.40601301509498744
Cuneal Cortex,-0.016539790216211932,0.00021221126950403066,0.19803482255398128,0.20858464112475128,-0.0835159972966285,-0.09499195488415782,-0.39919886048690767,-0.8793509875741146,0.1947101891314856,0.2439226159192042,0.831184125076199,0.7021772042725148
Frontal Orbital Cortex,-0.06301363837313778,-0.06371181018253445,-0.055539868217715005,-0.06652481743809885,-0.04976493771498216,-0.04571181599437917,0.005647866038423614,0.011280256527339156,-0.04047765040476787,-0.033544003452609196,-0.04918331140207304,-0.039535689878719533
"Parahippocampal Gyrus, anterior division",-0.009144548160526627,-0.009903056349766652,-0.046216035464218444,-0.029036225591680686,-0.11793274026375143,-0.09988650767542046,0.05077284376604515,0.08122933954811813,0.24974715248513937,0.2186600595415122,0.18545353014881322,0.17182995905945334
"Parahippocampal Gyrus, posterior division",0.1966690970932326,0.20723335841480003,-0.005824258416544854,0.05239119736358713,0.02772663624914697,0.10038656216660105,0.5258460145020728,0.6633190939584408,0.262324361708405,0.23757125026674863,-0.14895800134884546,-0.11579609889836955
Lingual Gyrus,-0.31498340373948025,-0.2667583074506434,-0.23182687873185917,-0.24626075609745793,-0.36999940643375195,-0.3623312419482293,-0.05996426401556719,-0.08879563120215056,0.15539582029116875,0.26809146875743245,0.32038394159206934,0.3042340773284152
"Temporal Fusiform Cortex, anterior division",0.12926194345452754,0.05173541136380683,-0.043442342987424144,-0.0743032571016161,0.13763147816882343,0.08704806208257189,0.507407798254699,0.5362931594636836,-0.10362954031493389,-0.08746476993357587,-0.40793882263473846,-0.37254131023540143
"Temporal Fusiform Cortex, posterior division",-0.12998368435933785,-0.11821831426008096,-0.34231260466090796,-0.3249814713977166,-0.14019963550850154,-0.11267884532507803,0.7210770169076347,0.8876398465103512,0.00887654397750538,0.0002924405469168109,-0.4318510107788508,-0.46747470264304086
Temporal Occipital Fusiform Cortex,-0.15038792481580357,-0.12296924214679482,-0.7310427158471346,-0.847526726005863,-0.6110219173437448,-0.6293338842322256,1.2320880198240083,3.0606131151752063,0.8133880042994217,1.2117624049597941,-0.4001995946769375,-0.42460067501472903
Occipital Fusiform Gyrus,-0.4125319232838522,-0.36361279650827355,-1.0471059097342252,-1.5751583032985246,-1.0396016980707765,-1.4179621043402817,1.229850578854483,4.985869350478398,1.122102489001113,2.501916151593068,-0.23758411091213016,-0.19817232885888572
Frontal Opercular Cortex,-0.2510243723885945,-0.16393716327051214,-0.1479223757924381,-0.10727782082719535,0.03301073626422198,0.05969654443886238,-0.22727497690033696,-0.23799162013451092,-0.4343798313788468,-0.5095799135647204,-0.37372769544408657,-0.378944803012222
Central Opercular Cortex,0.4686566488670888,0.32060244784833236,0.3297240660212856,0.25070927250979586,0.07561265454044609,0.05788002315630679,0.3093822244642193,0.2949809067613396,0.5630057812141543,0.5897661710791742,0.4459011904434955,0.43157323798562847
Parietal Opercular Cortex,0.44188891760514165,0.277892072646036,0.3277893701880236,0.2292848100709456,0.07776583698166996,0.025730871369853456,0.17582181895021476,0.20089694539445568,0.561433639194337,0.5691785986504274,0.546904891327499,0.4575149798516978
Planum Polare,0.2896363332714542,0.225076758249563,0.2319955137831928,0.18197975272509576,-0.06460021026240646,-0.03761933602067356,0.13328127575606719,0.17942968559298864,0.4848220043087392,0.6019566326629815,0.4682816088657139,0.5023497453128193
Heschl's Gyrus (includes H1 and H2),0.29943720350552105,0.1778549448586033,0.18020569534598266,0.11651482848779658,-0.06883762879073717,-0.04433553721542591,0.19292055483811665,0.2563087314733568,0.596044306427331,0.510370766856788,0.5073608621681877,0.37073465503009256
Planum Temporale,0.5303448947130133,0.3531590020957914,0.40338480160014084,0.3004320499649389,0.14522927303769995,0.11491389089055946,0.15774496694061813,0.21802027109558403,0.5313005032800966,0.5254872017628446,0.5182337167745317,0.40727383130328626
Supracalcarine Cortex,0.06819051334040527,0.01474727102023298,0.10889272540245881,0.07041686565914941,-0.05142643663786659,-0.15358027678904188,-0.20759459007955486,-0.24219245267034775,0.24369387894028371,0.4183267991101294,0.6399413986895179,0.5351158976575358
Occipital Pole,-0.16336871971711112,-0.1306706969573632,-0.8000690119021538,-1.0196312998334993,-0.876842190022849,-1.057013346070843,0.9348862545087677,3.6641840619256443,1.0004482864458721,2.1762520537695207,0.26552147299884954,0.1989687606398335
Left Cerebral White Matter,-0.10305487996481617,-0.07292768010071445,-0.1580502697112418,-0.12833609451627612,0.009392132971820516,0.001272792571978853,0.23048573723800309,0.23790653862245484,-0.22854162501505498,-0.16864796588138048,-0.36873828480375104,-0.2934083542498892
Left Cerebral Cortex,0.1150932808440398,0.10730649907957875,0.06314858515144399,0.05032925152253563,0.07954796044141578,0.05975834401252545,0.13643882472280242,0.23946095787529978,0.09230839671140453,0.10666654400721337,0.0022896123082169597,-0.02203370308653953
Left Lateral Ventricle,0.09720185627939433,0.07254120523824632,0.18814347683207416,0.14419410106095143,0.21219787674787965,0.17413753262847015,-0.17817054192606277,-0.2991204015136633,-0.17601463313940383,-0.2465108879565116,-0.13237388132601022,-0.08302176666243226
Left Thalamus,-0.06269372635570568,-0.04491654702883103,-0.260096498140415,-0.17768663074710536,-0.22875391558766314,-0.16339527016658925,0.5458876066834821,0.5653936399769564,0.357712366598602,0.2864210382587003,-0.04593133332773503,-0.01631772563433749
Left Caudate,-0.10158344818110877,-0.029797495095331087,-0.07724106783644877,-0.001465286466514821,0.16265213561880718,0.15780505219851262,-0.1506062918103778,-0.1185992998095524,-0.5109635226544756,-0.4378727882956838,-0.469760928841446,-0.37374714360394634
Left Putamen,-0.04289818217497075,0.02591777410574077,-0.21467483437742527,-0.11009317274244265,0.1469984533925227,0.13080627829387795,0.5759568193094432,0.5830445378425279,-0.3452156794085294,-0.2399719227299579,-0.656595225095351,-0.5513238385279842
Left Pallidum,0.14140740753358008,0.07051391975496181,0.11381363961903439,0.04117106926563927,0.32979337611397874,0.1923147866598388,0.16840920716046912,0.12592726362276896,-0.3793143708589136,-0.292212328757407,-0.49998383323898554,-0.3596642352006005
Brain-Stem,0.12534386898933908,0.07854380787872509,0.07322646783136666,0.045533804290284786,0.07488579201483804,0.037155642671882934,0.2086645314458604,0.14172975036184932,0.11529537332889629,0.09255381662448509,-0.003188138738389748,0.01562714220444657
Left Hippocampus,0.09871806358137956,0.1480235738455965,0.044655823874012714,0.08620846010879729,-0.13721497418113762,-0.07101560837980248,0.25232051007731904,0.26565308907509055,0.5281545366251805,0.5114089085592176,0.3715488092812554,0.3662920102625925
Left Amygdala,0.25788779511080057,0.2676671696628768,0.057894790290405805,0.11525040561535754,0.14816012261440517,0.16977901086711944,0.6929314467134005,0.6484560804969466,0.19430811872766232,0.20975157419344334,-0.18459977290141438,-0.13720288235379402
Left Accumbens,0.11522495226432156,0.10317814065377094,0.27686581925300824,0.25997640208009065,-0.16337090351238448,-0.06973166085072006,-0.8203158530309862,-0.6711866196134129,0.4160473918088988,0.41789833757304046,0.8261871616463077,0.7637141936629311
Right Cerebral White Matter,-0.13526888221710343,-0.09716489526296074,-0.18635717636969018,-0.14941974824695978,-0.06618112975638442,-0.04937521757647204,0.1961406535244485,0.2247363504916784,-0.166108587168878,-0.10342940142476438,-0.30019748850157685,-0.2214747013105403
Right Cerebral Cortex,0.11057034398035202,0.12178758112007841,0.022019527617447927,0.029118635837673892,-0.02163116782982541,-0.01428981139526122,0.17790674557407396,0.38781185925125994,0.2235206718226967,0.31156637512482555,0.08695819729010759,0.10365725824600869
Right Lateral Ventricle,0.05186610617104384,0.07008268261035987,0.17708879852756526,0.14051629866667123,0.20945034760232864,0.15886413195188737,-0.23367736022120084,-0.2973306756773855,-0.181524970392338,-0.21571517574481194,-0.086360535127278,-0.055490823608487096
Right Thalamus,0.05162002249244304,-0.005159082050128739,-0.23340423217259398,-0.20460133881666656,-0.24952297397519027,-0.23791528211780844,0.7960630317370296,0.849650686433068,0.6251231824148017,0.5552251661248195,0.11894998856045134,0.09960112767010196
Right Caudate,-0.04100472899881193,-0.0458368773570162,-0.048534304097041535,-0.035968435871153705,0.1474447845709437,0.10337267364290807,-0.05316066817931769,-0.037527633755045156,-0.4075309141056141,-0.3481051260254994,-0.44529205397816424,-0.3239903641748271
Right Putamen,0.002173468077503082,0.012475144080409284,-0.15365205762942086,-0.11498236510777751,0.0604674668478042,0.08533610798360505,0.5931406327167368,0.5463552039399681,-0.18504318874148865,-0.16539330515699094,-0.5398848392953437,-0.45790818693607593
Right Pallidum,-0.22937868207739467,-0.19639325070173796,-0.27020222925611814,-0.22861696978300397,-0.2237007261191014,-0.17277143084294977,0.21522957878871485,0.13959353098205585,0.011901540758876157,-0.033623664079408117,-0.08277768562977572,-0.10917008735025449
Right Hippocampus,0.36441815223048674,0.34519446483746485,0.21685770208086566,0.2313001917212443,-0.034926072121456195,0.02535786057480941,0.48640080058495766,0.4850385783594329,0.7586546312539738,0.7328409839754166,0.5687907417890443,0.46866453943390396
Right Amygdala,0.25529133459773024,0.2599855300988031,-0.005383919237083231,0.0662566690588803,-0.006778307835434728,0.04672449625087406,0.8637479051097697,0.8267892018500329,0.5574376988859561,0.48287927146978066,0.03291134378592768,0.04200558610501271
Right Accumbens,0.07017835781022438,-0.03431266147356241,0.27487431426585074,0.15533404372209275,-0.26492711899130084,-0.22416501031853361,-0.8066787049949399,-0.8136733347911582,0.404269695650257,0.46606132028871855,0.9164256310623857,0.8887767123705423
